{"mean": 216.9480815948381, "std": 32.32115202267296}